[{"fields": {"photo": "", "bio": "", "name": "Zach Howard"}, "model": "schedule.speaker", "pk": 4}, {"fields": {"date": "2015-11-07"}, "model": "schedule.day", "pk": 3}, {"fields": {"date": "2015-11-08"}, "model": "schedule.day", "pk": 4}, {"fields": {"order": 1, "name": "Room A"}, "model": "schedule.room", "pk": 7}, {"fields": {"order": 2, "name": "Room B"}, "model": "schedule.room", "pk": 8}, {"fields": {"order": 3, "name": "Room C"}, "model": "schedule.room", "pk": 9}, {"fields": {"order": 4, "name": "Tutorial Room"}, "model": "schedule.room", "pk": 10}, {"fields": {"label": "breakfast"}, "model": "schedule.slotkind", "pk": 11}, {"fields": {"label": "keynote"}, "model": "schedule.slotkind", "pk": 12}, {"fields": {"label": "break"}, "model": "schedule.slotkind", "pk": 13}, {"fields": {"label": "talk"}, "model": "schedule.slotkind", "pk": 14}, {"fields": {"day": 3, "kind": 11, "end": "09:30:00", "content_override": "Registration & Breakfast", "start": "08:30:00"}, "model": "schedule.slot", "pk": 30}, {"fields": {"day": 3, "kind": 12, "end": "10:30:00", "content_override": "Welcome & Morning Keynote", "start": "09:30:00"}, "model": "schedule.slot", "pk": 31}, {"fields": {"day": 3, "kind": 13, "end": "13:40:00", "content_override": "Lunch", "start": "12:20:00"}, "model": "schedule.slot", "pk": 32}, {"fields": {"day": 3, "kind": 13, "end": "15:50:00", "content_override": "Afternoon Break", "start": "15:20:00"}, "model": "schedule.slot", "pk": 33}, {"fields": {"day": 3, "kind": 12, "end": "18:15:00", "content_override": "Afternoon Keynote & Closing Messages", "start": "17:05:00"}, "model": "schedule.slot", "pk": 34}, {"fields": {"day": 4, "kind": 11, "end": "10:00:00", "content_override": "Breakfast", "start": "09:00:00"}, "model": "schedule.slot", "pk": 35}, {"fields": {"day": 4, "kind": 12, "end": "11:00:00", "content_override": "Welcome & Morning Keynote (Cameron)", "start": "10:00:00"}, "model": "schedule.slot", "pk": 36}, {"fields": {"day": 4, "kind": 13, "end": "14:00:00", "content_override": "Lunch", "start": "12:50:00"}, "model": "schedule.slot", "pk": 37}, {"fields": {"day": 4, "kind": 12, "end": "16:40:00", "content_override": "Closing Ceremonies (no keynote)", "start": "16:10:00"}, "model": "schedule.slot", "pk": 38}, {"fields": {"day": 4, "kind": 13, "end": "16:10:00", "content_override": "Break", "start": "15:40:00"}, "model": "schedule.slot", "pk": 39}, {"fields": {"day": 3, "kind": 14, "end": "11:10:00", "content_override": "", "start": "10:40:00"}, "model": "schedule.slot", "pk": 40}, {"fields": {"room": 7, "slot": 30}, "model": "schedule.slotroom", "pk": 63}, {"fields": {"room": 8, "slot": 30}, "model": "schedule.slotroom", "pk": 64}, {"fields": {"room": 9, "slot": 30}, "model": "schedule.slotroom", "pk": 65}, {"fields": {"room": 10, "slot": 30}, "model": "schedule.slotroom", "pk": 66}, {"fields": {"room": 7, "slot": 31}, "model": "schedule.slotroom", "pk": 67}, {"fields": {"room": 8, "slot": 31}, "model": "schedule.slotroom", "pk": 68}, {"fields": {"room": 9, "slot": 31}, "model": "schedule.slotroom", "pk": 69}, {"fields": {"room": 10, "slot": 31}, "model": "schedule.slotroom", "pk": 70}, {"fields": {"room": 7, "slot": 32}, "model": "schedule.slotroom", "pk": 71}, {"fields": {"room": 8, "slot": 32}, "model": "schedule.slotroom", "pk": 72}, {"fields": {"room": 9, "slot": 32}, "model": "schedule.slotroom", "pk": 73}, {"fields": {"room": 10, "slot": 32}, "model": "schedule.slotroom", "pk": 74}, {"fields": {"room": 7, "slot": 33}, "model": "schedule.slotroom", "pk": 75}, {"fields": {"room": 8, "slot": 33}, "model": "schedule.slotroom", "pk": 76}, {"fields": {"room": 9, "slot": 33}, "model": "schedule.slotroom", "pk": 77}, {"fields": {"room": 10, "slot": 33}, "model": "schedule.slotroom", "pk": 78}, {"fields": {"room": 7, "slot": 34}, "model": "schedule.slotroom", "pk": 79}, {"fields": {"room": 8, "slot": 34}, "model": "schedule.slotroom", "pk": 80}, {"fields": {"room": 9, "slot": 34}, "model": "schedule.slotroom", "pk": 81}, {"fields": {"room": 10, "slot": 34}, "model": "schedule.slotroom", "pk": 82}, {"fields": {"room": 7, "slot": 35}, "model": "schedule.slotroom", "pk": 83}, {"fields": {"room": 8, "slot": 35}, "model": "schedule.slotroom", "pk": 84}, {"fields": {"room": 10, "slot": 35}, "model": "schedule.slotroom", "pk": 85}, {"fields": {"room": 7, "slot": 36}, "model": "schedule.slotroom", "pk": 86}, {"fields": {"room": 8, "slot": 36}, "model": "schedule.slotroom", "pk": 87}, {"fields": {"room": 10, "slot": 36}, "model": "schedule.slotroom", "pk": 88}, {"fields": {"room": 7, "slot": 37}, "model": "schedule.slotroom", "pk": 89}, {"fields": {"room": 8, "slot": 37}, "model": "schedule.slotroom", "pk": 90}, {"fields": {"room": 10, "slot": 37}, "model": "schedule.slotroom", "pk": 91}, {"fields": {"room": 7, "slot": 38}, "model": "schedule.slotroom", "pk": 92}, {"fields": {"room": 8, "slot": 38}, "model": "schedule.slotroom", "pk": 93}, {"fields": {"room": 10, "slot": 38}, "model": "schedule.slotroom", "pk": 94}, {"fields": {"room": 7, "slot": 39}, "model": "schedule.slotroom", "pk": 95}, {"fields": {"room": 8, "slot": 39}, "model": "schedule.slotroom", "pk": 96}, {"fields": {"room": 10, "slot": 39}, "model": "schedule.slotroom", "pk": 97}, {"fields": {"room": 7, "slot": 40}, "model": "schedule.slotroom", "pk": 98}, {"fields": {"speaker": 4, "description": "In this talk we'll present the inconveniences of working directly with objects returned by an ORM. ", "additional_speakers": [], "cancelled": false, "title": "ORM your ORM", "slot": 40}, "model": "schedule.presentation", "pk": 11}]