[{"fields": {"date": "2015-11-07"}, "model": "schedule.day", "pk": 3}, {"fields": {"date": "2015-11-08"}, "model": "schedule.day", "pk": 4}, {"fields": {"order": 1, "name": "Room A"}, "model": "schedule.room", "pk": 7}, {"fields": {"order": 2, "name": "Room B"}, "model": "schedule.room", "pk": 8}, {"fields": {"order": 3, "name": "Room C"}, "model": "schedule.room", "pk": 9}, {"fields": {"order": 4, "name": "Tutorial Room"}, "model": "schedule.room", "pk": 10}, {"fields": {"label": "breakfast"}, "model": "schedule.slotkind", "pk": 11}, {"fields": {"label": "keynote"}, "model": "schedule.slotkind", "pk": 12}, {"fields": {"label": "break"}, "model": "schedule.slotkind", "pk": 13}, {"fields": {"label": "talk"}, "model": "schedule.slotkind", "pk": 14}, {"fields": {"label": "empty"}, "model": "schedule.slotkind", "pk": 15}, {"fields": {"label": "tutoural"}, "model": "schedule.slotkind", "pk": 16}, {"fields": {"kind": 11, "content_override": "Registration & Breakfast", "day": 3, "start": "08:30:00", "end": "09:30:00"}, "model": "schedule.slot", "pk": 30}, {"fields": {"kind": 12, "content_override": "Welcome & Morning Keynote", "day": 3, "start": "09:30:00", "end": "10:30:00"}, "model": "schedule.slot", "pk": 31}, {"fields": {"kind": 13, "content_override": "Lunch", "day": 3, "start": "12:20:00", "end": "13:40:00"}, "model": "schedule.slot", "pk": 32}, {"fields": {"kind": 13, "content_override": "Afternoon Break", "day": 3, "start": "15:20:00", "end": "15:50:00"}, "model": "schedule.slot", "pk": 33}, {"fields": {"kind": 12, "content_override": "Afternoon Keynote & Closing Messages", "day": 3, "start": "17:05:00", "end": "18:15:00"}, "model": "schedule.slot", "pk": 34}, {"fields": {"kind": 11, "content_override": "Breakfast", "day": 4, "start": "09:00:00", "end": "10:00:00"}, "model": "schedule.slot", "pk": 35}, {"fields": {"kind": 12, "content_override": "Welcome & Morning Keynote (Cameron)", "day": 4, "start": "10:00:00", "end": "11:00:00"}, "model": "schedule.slot", "pk": 36}, {"fields": {"kind": 13, "content_override": "Lunch", "day": 4, "start": "12:50:00", "end": "14:00:00"}, "model": "schedule.slot", "pk": 37}, {"fields": {"kind": 12, "content_override": "Closing Ceremonies (no keynote)", "day": 4, "start": "16:45:00", "end": "17:15:00"}, "model": "schedule.slot", "pk": 38}, {"fields": {"kind": 13, "content_override": "Break", "day": 4, "start": "15:40:00", "end": "16:10:00"}, "model": "schedule.slot", "pk": 39}, {"fields": {"kind": 14, "content_override": "", "day": 3, "start": "10:40:00", "end": "11:10:00"}, "model": "schedule.slot", "pk": 40}, {"fields": {"kind": 15, "content_override": "", "day": 3, "start": "10:40:00", "end": "11:10:00"}, "model": "schedule.slot", "pk": 41}, {"fields": {"kind": 14, "content_override": "", "day": 3, "start": "11:15:00", "end": "11:45:00"}, "model": "schedule.slot", "pk": 42}, {"fields": {"kind": 14, "content_override": "", "day": 3, "start": "10:40:00", "end": "11:10:00"}, "model": "schedule.slot", "pk": 43}, {"fields": {"kind": 14, "content_override": "", "day": 3, "start": "11:15:00", "end": "11:45:00"}, "model": "schedule.slot", "pk": 44}, {"fields": {"kind": 14, "content_override": "", "day": 3, "start": "11:15:00", "end": "11:45:00"}, "model": "schedule.slot", "pk": 45}, {"fields": {"kind": 14, "content_override": "", "day": 3, "start": "11:50:00", "end": "12:20:00"}, "model": "schedule.slot", "pk": 46}, {"fields": {"kind": 14, "content_override": "", "day": 3, "start": "11:50:00", "end": "12:20:00"}, "model": "schedule.slot", "pk": 47}, {"fields": {"kind": 14, "content_override": "", "day": 3, "start": "11:50:00", "end": "12:20:00"}, "model": "schedule.slot", "pk": 48}, {"fields": {"kind": 14, "content_override": "", "day": 3, "start": "13:40:00", "end": "14:10:00"}, "model": "schedule.slot", "pk": 49}, {"fields": {"kind": 14, "content_override": "", "day": 3, "start": "13:40:00", "end": "14:10:00"}, "model": "schedule.slot", "pk": 50}, {"fields": {"kind": 14, "content_override": "", "day": 3, "start": "13:40:00", "end": "14:10:00"}, "model": "schedule.slot", "pk": 51}, {"fields": {"kind": 14, "content_override": "", "day": 3, "start": "14:15:00", "end": "14:45:00"}, "model": "schedule.slot", "pk": 53}, {"fields": {"kind": 14, "content_override": "", "day": 3, "start": "14:15:00", "end": "14:45:00"}, "model": "schedule.slot", "pk": 54}, {"fields": {"kind": 14, "content_override": "", "day": 3, "start": "14:15:00", "end": "14:45:00"}, "model": "schedule.slot", "pk": 55}, {"fields": {"kind": 14, "content_override": "", "day": 3, "start": "14:50:00", "end": "15:00:00"}, "model": "schedule.slot", "pk": 56}, {"fields": {"kind": 14, "content_override": "", "day": 3, "start": "14:50:00", "end": "15:20:00"}, "model": "schedule.slot", "pk": 57}, {"fields": {"kind": 14, "content_override": "", "day": 3, "start": "14:50:00", "end": "15:20:00"}, "model": "schedule.slot", "pk": 58}, {"fields": {"kind": 14, "content_override": "", "day": 3, "start": "15:00:00", "end": "15:10:00"}, "model": "schedule.slot", "pk": 59}, {"fields": {"kind": 14, "content_override": "", "day": 3, "start": "15:10:00", "end": "15:20:00"}, "model": "schedule.slot", "pk": 60}, {"fields": {"kind": 14, "content_override": "", "day": 3, "start": "15:50:00", "end": "16:00:00"}, "model": "schedule.slot", "pk": 61}, {"fields": {"kind": 14, "content_override": "", "day": 3, "start": "16:00:00", "end": "16:10:00"}, "model": "schedule.slot", "pk": 62}, {"fields": {"kind": 14, "content_override": "", "day": 3, "start": "16:10:00", "end": "16:20:00"}, "model": "schedule.slot", "pk": 63}, {"fields": {"kind": 14, "content_override": "", "day": 3, "start": "15:50:00", "end": "16:20:00"}, "model": "schedule.slot", "pk": 64}, {"fields": {"kind": 14, "content_override": "", "day": 3, "start": "15:50:00", "end": "16:20:00"}, "model": "schedule.slot", "pk": 65}, {"fields": {"kind": 14, "content_override": "", "day": 3, "start": "16:25:00", "end": "16:55:00"}, "model": "schedule.slot", "pk": 66}, {"fields": {"kind": 14, "content_override": "", "day": 3, "start": "16:25:00", "end": "16:55:00"}, "model": "schedule.slot", "pk": 67}, {"fields": {"kind": 14, "content_override": "", "day": 3, "start": "16:25:00", "end": "16:55:00"}, "model": "schedule.slot", "pk": 68}, {"fields": {"kind": 14, "content_override": "", "day": 4, "start": "11:10:00", "end": "11:40:00"}, "model": "schedule.slot", "pk": 69}, {"fields": {"kind": 14, "content_override": "", "day": 4, "start": "11:10:00", "end": "11:40:00"}, "model": "schedule.slot", "pk": 70}, {"fields": {"kind": 14, "content_override": "", "day": 4, "start": "11:45:00", "end": "12:15:00"}, "model": "schedule.slot", "pk": 71}, {"fields": {"kind": 14, "content_override": "", "day": 4, "start": "11:45:00", "end": "12:15:00"}, "model": "schedule.slot", "pk": 72}, {"fields": {"kind": 14, "content_override": "", "day": 4, "start": "12:20:00", "end": "12:30:00"}, "model": "schedule.slot", "pk": 73}, {"fields": {"kind": 14, "content_override": "", "day": 4, "start": "12:30:00", "end": "12:40:00"}, "model": "schedule.slot", "pk": 74}, {"fields": {"kind": 14, "content_override": "", "day": 4, "start": "12:40:00", "end": "12:50:00"}, "model": "schedule.slot", "pk": 75}, {"fields": {"kind": 14, "content_override": "", "day": 4, "start": "12:20:00", "end": "12:50:00"}, "model": "schedule.slot", "pk": 76}, {"fields": {"kind": 14, "content_override": "", "day": 4, "start": "14:35:00", "end": "15:05:00"}, "model": "schedule.slot", "pk": 77}, {"fields": {"kind": 14, "content_override": "", "day": 4, "start": "14:35:00", "end": "15:05:00"}, "model": "schedule.slot", "pk": 78}, {"fields": {"kind": 14, "content_override": "", "day": 4, "start": "15:10:00", "end": "15:40:00"}, "model": "schedule.slot", "pk": 79}, {"fields": {"kind": 14, "content_override": "", "day": 4, "start": "15:10:00", "end": "15:40:00"}, "model": "schedule.slot", "pk": 80}, {"fields": {"kind": 14, "content_override": "", "day": 4, "start": "16:10:00", "end": "16:40:00"}, "model": "schedule.slot", "pk": 81}, {"fields": {"kind": 14, "content_override": "", "day": 4, "start": "16:10:00", "end": "16:40:00"}, "model": "schedule.slot", "pk": 82}, {"fields": {"room": 7, "slot": 30}, "model": "schedule.slotroom", "pk": 63}, {"fields": {"room": 8, "slot": 30}, "model": "schedule.slotroom", "pk": 64}, {"fields": {"room": 9, "slot": 30}, "model": "schedule.slotroom", "pk": 65}, {"fields": {"room": 10, "slot": 30}, "model": "schedule.slotroom", "pk": 66}, {"fields": {"room": 7, "slot": 31}, "model": "schedule.slotroom", "pk": 67}, {"fields": {"room": 8, "slot": 31}, "model": "schedule.slotroom", "pk": 68}, {"fields": {"room": 9, "slot": 31}, "model": "schedule.slotroom", "pk": 69}, {"fields": {"room": 10, "slot": 31}, "model": "schedule.slotroom", "pk": 70}, {"fields": {"room": 7, "slot": 32}, "model": "schedule.slotroom", "pk": 71}, {"fields": {"room": 8, "slot": 32}, "model": "schedule.slotroom", "pk": 72}, {"fields": {"room": 9, "slot": 32}, "model": "schedule.slotroom", "pk": 73}, {"fields": {"room": 10, "slot": 32}, "model": "schedule.slotroom", "pk": 74}, {"fields": {"room": 7, "slot": 33}, "model": "schedule.slotroom", "pk": 75}, {"fields": {"room": 8, "slot": 33}, "model": "schedule.slotroom", "pk": 76}, {"fields": {"room": 9, "slot": 33}, "model": "schedule.slotroom", "pk": 77}, {"fields": {"room": 10, "slot": 33}, "model": "schedule.slotroom", "pk": 78}, {"fields": {"room": 7, "slot": 34}, "model": "schedule.slotroom", "pk": 79}, {"fields": {"room": 8, "slot": 34}, "model": "schedule.slotroom", "pk": 80}, {"fields": {"room": 9, "slot": 34}, "model": "schedule.slotroom", "pk": 81}, {"fields": {"room": 10, "slot": 34}, "model": "schedule.slotroom", "pk": 82}, {"fields": {"room": 7, "slot": 35}, "model": "schedule.slotroom", "pk": 83}, {"fields": {"room": 8, "slot": 35}, "model": "schedule.slotroom", "pk": 84}, {"fields": {"room": 10, "slot": 35}, "model": "schedule.slotroom", "pk": 85}, {"fields": {"room": 7, "slot": 36}, "model": "schedule.slotroom", "pk": 86}, {"fields": {"room": 8, "slot": 36}, "model": "schedule.slotroom", "pk": 87}, {"fields": {"room": 10, "slot": 36}, "model": "schedule.slotroom", "pk": 88}, {"fields": {"room": 7, "slot": 37}, "model": "schedule.slotroom", "pk": 89}, {"fields": {"room": 8, "slot": 37}, "model": "schedule.slotroom", "pk": 90}, {"fields": {"room": 10, "slot": 37}, "model": "schedule.slotroom", "pk": 91}, {"fields": {"room": 7, "slot": 38}, "model": "schedule.slotroom", "pk": 92}, {"fields": {"room": 8, "slot": 38}, "model": "schedule.slotroom", "pk": 93}, {"fields": {"room": 10, "slot": 38}, "model": "schedule.slotroom", "pk": 94}, {"fields": {"room": 7, "slot": 39}, "model": "schedule.slotroom", "pk": 95}, {"fields": {"room": 8, "slot": 39}, "model": "schedule.slotroom", "pk": 96}, {"fields": {"room": 10, "slot": 39}, "model": "schedule.slotroom", "pk": 97}, {"fields": {"room": 7, "slot": 40}, "model": "schedule.slotroom", "pk": 98}, {"fields": {"room": 8, "slot": 41}, "model": "schedule.slotroom", "pk": 99}, {"fields": {"room": 8, "slot": 42}, "model": "schedule.slotroom", "pk": 100}, {"fields": {"room": 9, "slot": 43}, "model": "schedule.slotroom", "pk": 101}, {"fields": {"room": 7, "slot": 44}, "model": "schedule.slotroom", "pk": 102}, {"fields": {"room": 9, "slot": 45}, "model": "schedule.slotroom", "pk": 103}, {"fields": {"room": 7, "slot": 46}, "model": "schedule.slotroom", "pk": 104}, {"fields": {"room": 8, "slot": 47}, "model": "schedule.slotroom", "pk": 105}, {"fields": {"room": 7, "slot": 49}, "model": "schedule.slotroom", "pk": 106}, {"fields": {"room": 8, "slot": 50}, "model": "schedule.slotroom", "pk": 107}, {"fields": {"room": 9, "slot": 51}, "model": "schedule.slotroom", "pk": 108}, {"fields": {"room": 7, "slot": 53}, "model": "schedule.slotroom", "pk": 110}, {"fields": {"room": 8, "slot": 54}, "model": "schedule.slotroom", "pk": 111}, {"fields": {"room": 9, "slot": 55}, "model": "schedule.slotroom", "pk": 112}, {"fields": {"room": 7, "slot": 56}, "model": "schedule.slotroom", "pk": 113}, {"fields": {"room": 8, "slot": 57}, "model": "schedule.slotroom", "pk": 114}, {"fields": {"room": 9, "slot": 58}, "model": "schedule.slotroom", "pk": 115}, {"fields": {"room": 7, "slot": 59}, "model": "schedule.slotroom", "pk": 116}, {"fields": {"room": 7, "slot": 60}, "model": "schedule.slotroom", "pk": 117}, {"fields": {"room": 8, "slot": 61}, "model": "schedule.slotroom", "pk": 118}, {"fields": {"room": 8, "slot": 62}, "model": "schedule.slotroom", "pk": 119}, {"fields": {"room": 8, "slot": 63}, "model": "schedule.slotroom", "pk": 120}, {"fields": {"room": 7, "slot": 64}, "model": "schedule.slotroom", "pk": 121}, {"fields": {"room": 9, "slot": 65}, "model": "schedule.slotroom", "pk": 122}, {"fields": {"room": 7, "slot": 66}, "model": "schedule.slotroom", "pk": 123}, {"fields": {"room": 8, "slot": 67}, "model": "schedule.slotroom", "pk": 124}, {"fields": {"room": 9, "slot": 68}, "model": "schedule.slotroom", "pk": 125}, {"fields": {"room": 7, "slot": 69}, "model": "schedule.slotroom", "pk": 126}, {"fields": {"room": 8, "slot": 70}, "model": "schedule.slotroom", "pk": 127}, {"fields": {"room": 7, "slot": 71}, "model": "schedule.slotroom", "pk": 128}, {"fields": {"room": 8, "slot": 72}, "model": "schedule.slotroom", "pk": 129}, {"fields": {"room": 7, "slot": 73}, "model": "schedule.slotroom", "pk": 130}, {"fields": {"room": 7, "slot": 74}, "model": "schedule.slotroom", "pk": 131}, {"fields": {"room": 7, "slot": 75}, "model": "schedule.slotroom", "pk": 132}, {"fields": {"room": 8, "slot": 76}, "model": "schedule.slotroom", "pk": 133}, {"fields": {"room": 7, "slot": 77}, "model": "schedule.slotroom", "pk": 134}, {"fields": {"room": 8, "slot": 78}, "model": "schedule.slotroom", "pk": 135}, {"fields": {"room": 7, "slot": 79}, "model": "schedule.slotroom", "pk": 136}, {"fields": {"room": 8, "slot": 80}, "model": "schedule.slotroom", "pk": 137}, {"fields": {"room": 7, "slot": 81}, "model": "schedule.slotroom", "pk": 138}, {"fields": {"room": 8, "slot": 82}, "model": "schedule.slotroom", "pk": 139}]